;0;1;2;3;4
0;Inconstant Moon;Larry Niven;4,04;1,013;51
1;The Choice (The Dragon Heart Legacy, #3);Nora Roberts;4,35;25,991;2,144
2;Paradise Lost;John Milton;3,84;160,506;5,299
3;Of Trust & Heart;Charlotte Anne Hamilton;3,66;95;47
4;The High Auction (Wisdom Revolution, #1);Misba;4,60;6,181;923
5;Memories of Ice (Malazan Book of the Fallen, #3);Steven Erikson;4,45;56,427;2,446
6;Scarlet;Genevieve Cogman;3,77;1,228;288
7;Ex Machina, Vol. 1: The First Hundred Days (Ex Machina, #1);Brian K. Vaughan;3,90;11,525;557
8;Orbiter;Warren Ellis;3,58;2,220;201
9;Deathwish (Cal Leandros, #4);Rob Thurman;4,10;5,989;222
10;Flight;Sherman Alexie;3,89;17,140;2,425
11;Matadora (Matador, #2);Steve Perry;4,18;1,020;36
12;Shadow of the Xel'Naga (Starcraft, #2);Gabriel Mesta;3,40;1,548;57
13;The Light-years Beneath My Feet;Alan Dean Foster;3,74;570;32
14;Mars Life (The Grand Tour, #17);Ben Bova;3,78;961;91
15;The Iron Dream;Norman Spinrad;3,58;1,625;221
16;Debt of Bones (Sword of Truth, #0.5);Terry Goodkind;3,87;30,008;681
17;Hoot;Carl Hiaasen;3,83;105,137;5,543
18;The Captive Temple (Star Wars: Jedi Apprentice, #7);Jude Watson;3,86;2,502;91
19;Dead in Dixie (Sookie Stackhouse 1-3);Charlaine Harris;4,16;3,171;152
20;Deeper Evil (Evil Secrets Trilogy, #2);Vickie McKeehan;4,26;748;64
21;Maske: Thaery;Jack Vance;3,86;635;48
22;The Confusion (The Baroque Cycle, #2);Neal Stephenson;4,27;23,733;787
23;Stardoc (Stardoc, #1);S.L. Viehl;3,80;3,852;232
24;The Cleansing (Earth Haven #1);Sam Kates;3,93;448;75
25;The Country of the Blind;H.G. Wells;3,87;6,495;838
26;Traitor's Moon (Nightrunner, #3);Lynn Flewelling;4,13;11,337;507
27;Alamat ng Gubat;Bob Ong;3,71;7,668;260
28;Infinity's Shore (Uplift Storm Trilogy, #2);David Brin;3,98;8,418;116
29;Daggerspell (Deverry, #1);Katharine Kerr;3,90;15,692;598
30;Hunter Reborn (Moon Shifter, #5);Katie Reus;4,18;722;107
31;Alkarra Awakening (The Network, #2);Katie Cross;4,21;1,382;148
32;Córka Czarownic;Dorota Terakowska;3,92;1,593;71
33;I'd Tell You I Love You, But Then I'd Have to Kill You (Gallagher Girls, #1);Ally Carter;3,84;187,353;8,261
34;Sweep: Volume 2  (Sweep, #4-6);Cate Tiernan;4,40;8,411;230
35;Crossover (Cassandra Kresnov, #1);Joel Shepherd;3,86;2,733;181
36;The Winter Witch;Paula Brackston;3,71;14,834;1,401
37;Queen of the Darkness (The Black Jewels, #3);Anne Bishop;4,37;27,915;774
38;Turbulence (Turbulence #1);Lyn Gala;3,97;1,234;197
39;Seed;Ania Ahlborn;3,78;18,650;2,399
40;The Inheritance Cycle (The Inheritance Cycle #1-4);Christopher Paolini;4,52;11,656;365
41;Monster Island (Monster Island, #1);David Wellington;3,60;10,751;579
42;Start the Game (Galactogon #1);Vasily Mahanenko;4,19;1,346;48
43;Nutcracker and Mouse King / The Tale of the Nutcracker;E.T.A. Hoffmann;3,92;20,065;1,647
44;Warrior (Hythrun Chronicles: Wolfblade, #2);Jennifer Fallon;4,21;2,814;76
45;Burn for Me (Hidden Legacy, #1);Ilona Andrews;4,32;58,111;5,714
46;Linesman (Linesman, #1);S.K. Dunstall;4,03;3,139;369
47;Cast in Peril (Chronicles of Elantra, #8);Michelle Sagara;4,25;6,389;322
48;The Last Magician (The Last Magician, #1);Lisa   Maxwell;4,04;19,732;3,753
49;Everfair (Everfair, #1);Nisi Shawl;3,20;2,590;707
50;The White Rose (The Chronicles of the Black Company, #3);Glen Cook;4,20;19,054;609
51;Deep Sky (Travis Chase, #3);Patrick  Lee;4,09;4,777;331
52;Daughter of Kaos (Daughter Trilogy, #3);C.M. Owens;4,49;1,210;37
53;Thirteen Reasons Why;Jay Asher;3,85;941,921;55,932
54;Villains Rule (The Shadow Master #1);M.K. Gibson;3,95;776;103
55;Down Among the Sticks and Bones (Wayward Children, #2);Seanan McGuire;4,15;49,674;8,582
56;Walk on Earth a Stranger  (The Gold Seer Trilogy, #1);Rae Carson;3,93;18,249;3,051
57;Shockwave (Star Kingdom, #1);Lindsay Buroker;4,18;4,225;293
58;The Masque of the Red Death;Edgar Allan Poe;4,07;36,090;1,810
59;The Becoming (The Dragon Heart Legacy, #2);Nora Roberts;4,35;33,715;2,287
60;A Curse of Roses;Diana Pinguicha;3,82;1,195;393
61;Creeping Beauty;Andrea Portes;2,55;139;107
62;The Truth About Martians;Melissa Savage;3,90;207;50
63;A Fire in the Sun (Marîd Audran, #2);George Alec Effinger;4,01;2,506;120
64;Being;Kevin Brooks;3,63;2,943;369
65;Probability Sun (Probability, #2);Nancy Kress;3,76;758;40
66;Mission to Moulokin (Icerigger, #2);Alan Dean Foster;3,87;1,532;35
67;Cell;Stephen King;3,66;218,116;7,309
68;Children of Scarabaeus (Scarabaeus, #2);Sara Creasy;3,79;1,224;130
69;The Candle of Distant Earth;Alan Dean Foster;3,83;504;32
70;Doorways in the Sand;Roger Zelazny;3,95;4,062;268
71;The Law of Nines;Terry Goodkind;3,62;12,726;893
72;The Defenders of the Dead (Star Wars: Jedi Apprentice, #5);Jude Watson;3,79;2,711;103
73;Coś się kończy, coś się zaczyna;Andrzej Sapkowski;3,92;9,562;317
74;Just Evil (Evil Secrets Trilogy, #1);Vickie McKeehan;3,83;2,353;244
75;The Witch's Boy;Michael Gruber;3,75;1,466;220
76;The Book of Deacon (The Book of Deacon, #1);Joseph R. Lallo;3,86;10,192;758
77;Honor Among Thieves: Star Wars;James S.A. Corey;3,80;3,374;381
78;The Wonderful Adventures of Nils;Selma Lagerlöf;4,04;11,425;566
79;The Squire's Tale (The Squire's Tales, #1);Gerald Morris;4,01;9,424;491
80;House of Chains (Malazan Book of the Fallen, #4);Steven Erikson;4,34;46,681;1,731
81;Immortal (Fallen Angels, #6);J.R. Ward;4,29;10,282;816
82;The Shadowed Sun (Dreamblood, #2);N.K. Jemisin;4,27;10,132;939
83;Sweep: Volume 3  (Sweep, #7-9);Cate Tiernan;4,37;4,430;133
84;Karma (Karma, #1);Donna Augustine;3,91;4,834;375
85;Anne McCaffrey's Dragonflight #1;Brynne Stephens;4,45;36,179;174
86;Leopard Moon (Moon, #1);Jeanette Battista;3,78;3,207;235
87;18% Gray (Task Force Iota, #1);Anne Tenino;3,67;1,557;258
88;Little Fuzzy (Fuzzy Sapiens, #1);H. Beam Piper;4,02;9,960;664
89;A Head Full of Ghosts;Paul Tremblay;3,80;77,143;10,410
90;SLAM;Tash McAdam;4,43;56;37
91;Tomorrow's Children: 18 Tales of Fantasy and Science Fiction;Isaac Asimov;4,15;592;32
92;Memoria;Alex Bobl;3,29;199;51
93;Tarkin (Star Wars Disney Canon Novel);James Luceno;3,76;18,636;1,546
94;Magic Shifts (Kate Daniels, #8);Ilona Andrews;4,43;41,998;2,630
95;Lisey's Story;Stephen King;3,70;84,058;5,419
96;Cast in Ruin (Chronicles of Elantra, #7);Michelle Sagara;4,30;7,068;261
97;Darkness Unmasked (Dark Angels, #5);Keri Arthur;4,22;3,448;208
98;Dangerous Games (Riley Jenson Guardian, #4);Keri Arthur;4,16;16,494;355
99;Fanning the Flames (Going Down in Flames, #4);Chris  Cannon;4,17;903;95
100;Subway Art;Martha Cooper;4,18;2,335;58
101;Die Brüder Löwenherz;Astrid Lindgren;4,35;36,117;1,492
102;Wanderlust (Dragonlance: Meetings Sextet, #2);Mary L. Kirchoff;3,79;10,467;45
103;Treasure of the Abyss (The Kraken, #1);Tiffany Roberts;3,92;4,585;542
104;Books of Blood: Volumes One to Three (Books of Blood, #1-3);Clive Barker;4,19;27,455;895
105;Hammered (The Iron Druid Chronicles, #3);Kevin Hearne;4,21;52,570;2,446
106;Pustynna Włócznia. Księga I (Demoniczny Cykl, #2A);Peter V. Brett;4,07;1,993;123
107;Servants of the Wankh (Planet of Adventure, #2);Jack Vance;3,93;1,227;92
108;Goblin Quest (Jig the Goblin, #1);Jim C. Hines;4,02;4,352;418
109;Carry On (Simon Snow, #1);Rainbow Rowell;4,18;300,866;35,850
110;Fawkes;Nadine Brandes;3,88;4,610;1,439
111;Target (Star Wars: Rebel Force, #1);Alex Wheeler;3,70;1,008;95
112;The Company of Death;Elisa   Hansen;3,89;329;84
113;Warrior Mage (Chains of Honor, #1);Lindsay Buroker;4,03;2,298;168
114;Wolf;Madelaine Montague;3,82;738;32
115;Sea of Tranquility;Emily St. John Mandel;4,10;192,097;23,640
116;Catalyst (Chronicles of Alsea, #4);Fletcher DeLancey;4,64;427;62
117;The Book That Wouldn’t Burn (The Library Trilogy, #1);Mark  Lawrence;4,18;6,389;1,354
118;Winter in Eden (West of Eden, #2);Harry Harrison;3,85;1,788;34
119;Shelter;Susan Palwick;3,89;336;69
120;Time Is the Simplest Thing;Clifford D. Simak;3,90;2,249;174
121;The Awakening (The New Heroes/Quantum Prophecy, #1);Michael          Carroll;3,99;4,593;317
122;This Time of Darkness;Helen Mary Hoover;4,27;659;88
123;Probability Space (Probability, #3);Nancy Kress;3,72;667;43
124;Divine Misfortune;A. Lee Martinez;3,90;6,967;602
125;Impossible Things;Connie Willis;3,94;2,333;160
126;"The Omen Machine (Sword of Truth, #12; Richard and Kahlan, #1)";Terry Goodkind;3,69;20,616;1,022
127;Star Wars: Legacy, Volume 3: Claws of the Dragon;John Ostrander;4,08;1,152;56
128;The Mark of the Crown (Star Wars: Jedi Apprentice, #4);Jude Watson;3,74;2,887;115
129;Robot;Adam Wiśniewski-Snerg;3,77;534;62
130;Doktor Strangelove albo jak nauczyłem się nie bać i pokochałem bombę;Peter  George;3,83;1,208;50
131;Deathstalker (Deathstalker, #1);Simon R. Green;3,94;5,292;301
132;Shadows Return (Nightrunner, #4);Lynn Flewelling;4,02;7,721;428
133;The Last Starship from Earth;John      Boyd;3,60;335;58
134;Transcendental (Transcendental Trilogy, #1);James E. Gunn;3,32;722;122
135;Downfall (Cal Leandros, #9);Rob Thurman;4,16;1,758;147
136;Chronicles of the Black Company (The Chronicles of the Black Company, #1-3);Glen Cook;4,23;24,812;815
137;Heist Society (Heist Society, #1);Ally Carter;3,91;92,585;5,520
138;Soulminder;Timothy Zahn;3,68;427;95
139;Sweep: Volume 4 (Sweep, #10-12);Cate Tiernan;4,39;3,904;94
140;Iron & Velvet (Kate Kane, Paranormal Investigator, #1);Alexis  Hall;3,78;2,450;461
141;A Solid Core of Alpha;Amy Lane;3,98;1,673;263
142;Half Bad (The Half Bad Trilogy, #1);Sally Green;3,78;51,822;7,195
143;Lament (Books of Faerie, #1);Maggie Stiefvater;3,66;32,871;3,026
144;Skin Game (The Dresden Files, #15);Jim Butcher;4,56;83,181;5,248
145;Magic Breaks (Kate Daniels, #7);Ilona Andrews;4,49;49,320;3,298
146;Ghost Hunter (Ghost Hunters, #3);Jayne Castle;4,18;6,234;258
147;Knights of the Kitchen Table (Time Warp Trio, #1);Jon Scieszka;3,69;3,553;340
148;Cast in Sorrow (Chronicles of Elantra, #9);Michelle Sagara;4,19;5,538;303
149;Neverwake (Dreamfall #2);Amy Plum;3,98;843;130
150;Life Debt (Star Wars: Aftermath, #2);Chuck Wendig;3,73;14,924;1,333
151;Suffer the Children;John Saul;3,92;30,438;518
152;Pustynna Włócznia. Księga II (Demoniczny Cykl, #2B);Peter V. Brett;4,23;1,740;115
153;La Belle Sauvage (The Book of Dust, #1);Philip Pullman;4,15;98,818;9,199
154;Are You There God? It's Me, Margaret;Judy Blume;3,94;228,944;10,882
155;The Rules of Supervillainy (The Supervillainy Saga #1);C.T. Phipps;3,90;2,843;309
156;The Clockwork Witch;Michelle D. Sonnier;4,13;283;57
157;Memento (The Illuminae Files, #0.5);Amie Kaufman;4,32;6,422;1,301
158;The Summer Tree (The Fionavar Tapestry, #1);Guy Gavriel Kay;3,97;24,017;1,627
159;Son of the Morning;Linda Howard;3,98;7,757;486
160;The Secret Commonwealth (The Book of Dust, #2);Philip Pullman;4,04;52,020;5,239
161;The Book of Phoenix (Who Fears Death, #0.5);Nnedi Okorafor;3,95;5,363;753
162;Last to Leave the Room;Caitlin  Starling;4,09;160;93
163;Cursed Crowns (Twin Crowns, #2);Catherine Doyle;4,09;3,328;711
164;Red Moon at Sharpsburg;Rosemary Wells;3,65;813;160
165;In Death Ground (Starfire, #3);David Weber;4,04;2,359;52
166;Leverage Point;Gerald N. Lund;3,82;781;58
167;Heechee Rendezvous (Heechee Saga, #3);Frederik Pohl;3,84;7,308;189
168;Mere Mortals (Star Trek: Destiny #2);David Mack;4,21;3,065;166
169;Super Human (The New Heroes/Quantum Prophecy, #4);Michael          Carroll;4,09;2,584;241
170;Phule's Company (Phule's Company, #1);Robert Lynn Asprin;3,99;9,737;327
171;Too Many Curses;A. Lee Martinez;3,95;3,814;284
172;Flinx Transcendent (Pip & Flinx, #14);Alan Dean Foster;4,07;1,359;69
173;Venus on the Half-Shell;Philip José Farmer;3,77;2,840;225
174;The Fire's Stone;Tanya Huff;3,99;3,462;269
175;Truth in the Dark;Amy Lane;3,95;4,054;545
176;The First Confessor (The Legend of Magda Searus, #1);Terry Goodkind;4,19;16,061;1,029
177;Lost Souls (Star Trek: Destiny, #3);David Mack;4,29;2,922;211
178;This is Not a Game (Dagmar #1);Walter Jon Williams;3,76;2,607;301
179;The Hidden Past (Star Wars: Jedi Apprentice, #3);Jude Watson;3,74;3,281;140
180;Elegantly Undead (Coffin Girls, #1);Aneesa Price;3,83;162;58
181;Shadows Fall;Simon R. Green;3,93;1,567;94
182;Radiant (League of Peoples, #7);James Alan Gardner;4,11;579;33
183;The Other Wind (Earthsea Cycle, #6);Ursula K. Le Guin;4,18;26,018;1,633
184;An Alien Heat (Dancers at the End of Time, #1);Michael Moorcock;3,88;1,652;108
185;Death: The Time of Your Life;Neil Gaiman;4,23;13,414;263
186;After the Apocalypse;Maureen F. McHugh;3,60;2,379;381
187;The White Road (Nightrunner, #5);Lynn Flewelling;3,98;6,345;329
188;Altered (Altered, #1);Jennifer Rush;4,01;19,715;2,270
189;The Books of the South (The Chronicles of the Black Company, #3.5-5);Glen Cook;4,27;11,462;213
190;Rapture (Bel Dame Apocrypha, #3);Kameron Hurley;4,05;1,384;157
191;Sweep: Volume 5 (Sweep, #13-15);Cate Tiernan;4,40;3,221;137
192;The Witch's Daughter (The Witch's Daughter, #1);Paula Brackston;3,65;38,358;3,606
193;Strain (Strain, #2);Amelia C. Gormley;3,86;1,871;324
194;Artemis Fowl Collection (Artemis Fowl, #1-7);Eoin Colfer;4,41;3,609;139
195;"Stardust of Yesterday (de Piaget, #9; de Paiget/MacLeod, #1)";Lynn Kurland;4,09;4,131;211
196;Beyond Death (Perimeter Defense #2);Michael Atamanov;4,19;1,353;41
197;Frost Burned (Mercy Thompson, #7);Patricia Briggs;4,36;72,819;3,939
198;Cast in Flame (Chronicles of Elantra, #10);Michelle Sagara;4,28;4,915;278
199;Tempting Evil (Riley Jenson Guardian, #3);Keri Arthur;4,12;16,397;436
200;Slumber (Beauty Never Dies Chronicles, #1);J.L. Weil;4,04;1,263;189
201;Die Feder eines Greifs (Dragon Rider, #2);Cornelia Funke;4,07;1,815;226
202;Agatha Heterodyne and the Golden Trilobite (Girl Genius, #6);Phil Foglio;4,38;1,672;58
203;Blue Lily, Lily Blue (The Raven Cycle, #3);Maggie Stiefvater;4,26;157,447;16,948
204;Captive Prince (Captive Prince, #1);C.S. Pacat;3,81;89,009;10,602
205;Cursor's Fury (Codex Alera, #3);Jim Butcher;4,36;66,220;1,662
206;The Tea Dragon Society (Tea Dragon, #1);Kay  O'Neill;4,36;51,612;10,881
207;Half the World (Shattered Sea, #2);Joe Abercrombie;4,19;37,591;2,890
208;Daughter of Elysium (Elysium Cycle, #2);Joan Slonczewski;3,92;342;42
209;Sweep of the Blade (Innkeeper Chronicles, #4);Ilona Andrews;4,52;21,361;1,949
210;The Girl at Midnight (The Girl at Midnight, #1);Melissa Grey;3,73;9,959;1,868
211;Missing Link;Frank Herbert;3,48;408;38
212;Bone Swans: Stories;C.S.E. Cooney;4,35;456;94
213;Now You See Her;Linda Howard;4,08;13,320;515
214;Silhouette;Robin Hale;4,27;380;60
215;Avery (The Chronicles of Kaya #1);Charlotte McConaghy;3,95;2,689;298
216;Vampire Weekend;Mike Chen;3,56;990;259
217;Oms en série;Stefan Wul;3,63;300;41
218;Zoey Is Too Drunk for This Dystopia (Zoey Ashe, #3);Jason Pargin;4,32;81;53
219;Exile (Keeper of the Lost Cities, #2);Shannon Messenger;4,49;46,390;3,201
220;Cities in Dust (Wasteland #1);Antony Johnston;3,53;636;75
221;Slapstick, or Lonesome No More!;Kurt Vonnegut Jr.;3,86;40,408;1,898
222;Patrimony (Pip & Flinx, #13);Alan Dean Foster;3,89;1,202;39
223;Brian's Hunt (Brian's Saga, #5);Gary Paulsen;4,05;12,396;841
224;The Final Showdown (Star Wars: Jedi Quest, #10);Jude Watson;4,05;1,126;43
225;Bitten & Smitten (Immortality Bites, #1);Michelle Rowen;3,72;8,598;516
226;Oblivion's Forge;Simon  Williams;4,21;104;54
227;Farmer Giles of Ham;J.R.R. Tolkien;3,88;10,340;641
228;Speaks the Nightbird (Matthew Corbett, #1);Robert R. McCammon;4,13;13,071;1,376
229;Crux (Nexus, #2);Ramez Naam;4,13;9,977;605
230;Superman: The Man of Steel, Vol. 1;John Byrne;3,95;6,804;192
231;Dying of the Light;George R.R. Martin;3,56;6,864;685
232;Fairest;Gail Carson Levine;3,89;65,615;4,398
233;Red Dragon (Hannibal Lecter, #1);Thomas  Harris;4,05;322,544;7,153
234;Spiritwalk;Charles de Lint;4,12;2,210;78
235;Revenant (Greywalker, #9);Kat Richardson;4,00;1,498;134
236;Conan 01;Robert E. Howard;4,07;6,788;211
237;Some Girls Bite (Chicagoland Vampires, #1);Chloe Neill;3,99;63,757;3,741
238;The Elementary Particles;Michel Houellebecq;3,80;41,927;2,829
239;The Philosopher's Stone;Colin Wilson;3,92;658;63
240;Critical Failures;Robert Bevan;3,80;7,828;791
241;Flynn Nightsider and the Edge of Evil (Flynn Nightsider, #1);Mary Fan;4,18;49;31
242;"This Is All I Ask (de Piaget, #6; de Piaget/MacLeod, #3)";Lynn Kurland;4,24;4,284;283
243;Dragons of the Hourglass Mage (Dragonlance: The Lost Chronicles, #3);Margaret Weis;4,23;4,447;198
244;Cerulean Sins (Anita Blake, Vampire Hunter, #11);Laurell K. Hamilton;3,87;51,671;965
245;Dragon Slayer;Isabella Carter;3,79;1,683;202
246;Cast in Honor (Chronicles of Elantra, #11);Michelle Sagara;4,16;3,865;253
247;Bioshock: Rapture Şehri;John Shirley;4,00;9,287;965
248;Liesl & Po;Lauren Oliver;3,86;9,995;1,795
249;The Queen of All that Dies (The Fallen World, #1);Laura Thalassa;3,90;19,708;1,471
250;Behind Closed Doors;B.A. Paris;3,98;534,357;42,761
251;Replica (Replica, #1);Jenna Black;3,46;1,011;162
252;Only Superhuman;Christopher L. Bennett;2,86;397;81
253;The Girl in the Road;Monica Byrne;3,48;3,269;723
254;Direct Descent;Frank Herbert;3,26;745;70
255;Kingdoms at War (Dragon Gate, #1);Lindsay Buroker;4,38;3,727;260
256;Predator: Concrete Jungle;Nathan Archer;3,77;698;54
257;Uprising (Chronicles of Alsea, #8);Fletcher DeLancey;4,75;300;40
258;Winter's Orbit;Everina Maxwell;4,01;21,418;4,710
259;Silver in the Bone (Silver in the Bone, #1);Alexandra Bracken;3,94;5,283;1,451
260;Le Pnume (Cycle de Tschaï, #4);Jack Vance;4,02;1,214;78
261;The Key to Extraordinary;Natalie Lloyd;4,12;4,571;708
262;The Romulan Way (Star Trek: Rihannsu, #2);Diane Duane;3,93;1,595;92
263;Touch;Alexi Zentner;3,66;1,537;315
264;Trouble Magnet (Pip & Flinx, #12);Alan Dean Foster;3,90;1,291;41
265;Memoirs of a Space Traveler: Further Reminiscences of Ijon Tichy;Stanisław Lem;4,19;1,324;90
266;The River (Brian's Saga, #2);Gary Paulsen;3,82;27,666;1,643
267;The Way of the Apprentice (Star Wars: Jedi Quest, #1);Jude Watson;3,79;2,243;119
268;Pokój na Ziemi (Stanisław Lem. Dzieła, #17);Stanisław Lem;3,96;1,592;96
269;KOP (Juno Mozambe Mystery, #1);Warren Hammond;3,57;1,031;113
270;Boy's Life;Robert R. McCammon;4,38;33,345;3,969
271;Five-Twelfths of Heaven (Roads of Heaven, #1);Melissa Scott;3,97;466;52
272;The Runes of the Earth (The Last Chronicles of Thomas Covenant, #1);Stephen R. Donaldson;3,79;7,186;323
273;Bloodshifted (Edie Spence, #5);Cassie Alexander;3,89;674;81
274;A Perfect Vacuum;Stanisław Lem;4,16;1,481;144
275;Fortress in the Eye of Time (Fortress, #1);C.J. Cherryh;3,87;3,962;190
276;The Dark Monk (The Hangman's Daughter, #2);Oliver Pötzsch;3,88;21,731;1,601
277;Alice at Heart (Waterlilies, #1);Deborah  Smith;3,55;1,117;150
278;The Collected John Carter of Mars: A Princess of Mars, The Gods of Mars, The Warlord of Mars (Barsoom, #1-3);Edgar Rice Burroughs;4,01;2,741;238
279;Dragon Prince (Dragon Prince, #1);Melanie Rawn;3,95;16,113;527
280;Shadrach in the Furnace;Robert Silverberg;3,61;832;44
281;The Flame Never Dies (The Stars Never Rise, #2);Rachel Vincent;3,84;1,941;277
282;Death Blows (The Bloodhound Files, #2);D.D. Barant;3,87;3,553;195
283;Cast in Flight (Chronicles of Elantra, #12);Michelle Sagara;4,31;3,493;210
284;Deadly Desire (Riley Jenson Guardian, #7);Keri Arthur;4,25;13,002;331
285;The Grendel Affair (SPI Files, #1);Lisa Shearin;3,77;4,488;457
286;Dream Magic (Shadow Magic, #2);Joshua Khan;4,24;817;140
287;Two Years Eight Months and Twenty-Eight Nights;Salman Rushdie;3,38;13,056;1,946
288;DragonLance: Legends Trilogy (Dragonlance: Legends, #1-3);Margaret Weis;4,33;2,495;67
289;Assassin's Fate (The Fitz and the Fool, #3);Robin Hobb;4,65;37,511;3,414
290;The Soft Machine (The Nova Trilogy #1);William S. Burroughs;3,43;6,411;383
291;You Should Come With Me Now: Stories of Ghosts;M. John Harrison;3,82;303;59
292;Mermaid's Song;Alida Van Gores;4,40;165;34
293;The World of Edena;Mœbius;4,20;2,531;334
294;The Space Between Worlds (The Space Between Worlds #1);Micaiah Johnson;3,95;34,936;5,326
295;A Thousand Heartbeats;Kiera Cass;3,89;13,641;2,493
296;Tuyo (Tuyo, #1);Rachel Neumeier;4,43;579;123
297;Le Problème à trois corps;Liu Cixin;4,09;285,308;27,100
298;The Witch Boy (The Witch Boy, #1);Molly Knox Ostertag;4,22;25,700;3,161
299;Time Storm;Gordon R. Dickson;3,78;1,138;51
300;The Mind Parasites: The Supernatural Metaphysical Cult Thriller;Colin Wilson;3,74;1,522;178
301;King of Morning, Queen of Day;Ian McDonald;3,59;378;40
302;Games of Command;Linnea Sinclair;3,97;2,763;212
303;Running from the Deity (Pip & Flinx, #11);Alan Dean Foster;3,84;1,347;36
304;Quest for the Well of Souls (Saga of the Well World, #3);Jack L. Chalker;3,97;2,471;45
305;Brian's Return (Brian's Saga, #4);Gary Paulsen;3,98;16,629;855
306;Fragment: A Novel;Warren Fahy;3,69;5,113;713
307;The Trail of the Jedi (Star Wars: Jedi Quest, #2);Jude Watson;3,79;1,649;89
308;The 13 Clocks;James Thurber;4,01;7,711;1,202
309;Gone South;Robert R. McCammon;3,97;6,789;488
310;Revelation (Rai-Kirah, #2);Carol Berg;3,96;4,142;140
311;Captain America: The Chosen;David Morrell;3,58;729;80
312;Against All Things Ending (The Last Chronicles of Thomas Covenant, #3);Stephen R. Donaldson;3,90;4,365;302
313;The Invisibles;Grant Morrison;4,38;1,693;115
314;Doctor Who: The Wheel of Ice;Stephen Baxter;3,66;1,889;268
315;White Noise;Don DeLillo;3,86;110,638;7,757
316;Ignite Me (Shatter Me, #3);Tahereh Mafi;4,47;397,323;43,108
317;Princess Avenger;Bernadette Rowley;3,80;149;71
318;Beauty and the Werewolf (Five Hundred Kingdoms, #6);Mercedes Lackey;3,78;7,765;751
319;A Study in Silks (The Baskerville Affair, #1);Emma Jane Holloway;3,59;2,910;558
320;Rusalka (Russian Stories, #1);C.J. Cherryh;3,51;1,484;105
321;Across a Billion Years;Robert Silverberg;3,85;1,755;142
322;The Chessmen of Mars (Barsoom, #5);Edgar Rice Burroughs;3,83;7,705;312
323;Safirrosen (Sagan om Elenien, #3);David Eddings;4,02;29,344;335
324;Curse the Dark (Retrievers, #2);Laura Anne Gilman;3,72;1,675;67
325;Whisper (Whisper, #1);Lynette Noni;4,19;9,794;1,322
326;Metro 2034 (Metro, #2);Dmitry Glukhovsky;3,50;22,029;1,165
327;Outpassage;Janet Morris;4,12;226;34
328;Railsea;China Miéville;3,89;12,756;1,711
329;Chilling Adventures of Sabrina, Vol. 1: The Crucible (Chilling Adventures of Sabrina, #1);Roberto Aguirre-Sacasa;3,95;12,927;1,771
330;Goliath (Leviathan, #3);Scott Westerfeld;4,23;31,933;2,644
331;The Arrival;Shaun Tan;4,35;55,422;5,464
332;Saga, Volume 7;Brian K. Vaughan;4,48;43,979;4,288
333;Walk to the End of the World (Holdfast Chronicles, #1);Suzy McKee Charnas;3,55;447;42
334;Crash;J.G. Ballard;3,59;24,817;1,941
335;A Stir of Echoes;Richard Matheson;3,87;13,835;877
336;Resilience (Chronicles of Alsea, #7);Fletcher DeLancey;4,68;321;40
337;The Scavenger Door;Suzanne Palmer;4,17;959;118
338;Weyward;Emilia Hart;4,13;52,694;7,785
339;Leviathan Wakes (Expanse, #1);James S.A. Corey;4,30;251,203;17,178
340;The Stonekeeper (Amulet, #1);Kazu Kibuishi;4,17;95,057;6,267
341;The Ballad of Beta-2;Samuel R. Delany;3,75;787;82
342;Into the Looking Glass (Looking Glass, #1);John Ringo;4,07;5,446;167
343;Sliding Scales (Pip & Flinx, #10);Alan Dean Foster;3,91;1,522;39
344;The Return of Nathan Brazil (Saga of the Well World, #4);Jack L. Chalker;4,02;2,013;39
345;Brian's Winter (Brian's Saga, #3);Gary Paulsen;4,04;30,681;1,985
346;Tailchaser's Song;Tad Williams;3,98;12,260;702
347;The Dangerous Games (Star Wars: Jedi Quest, #3);Jude Watson;3,83;1,306;56
348;Obumbrate (Illumine, #2);Alivia Anders;3,98;250;47
349;A Call to Arms (The Damned, #1);Alan Dean Foster;3,78;1,931;137
350;Assignment in Eternity;Robert A. Heinlein;3,77;3,997;177
351;The Demon Princes;Jack Vance;4,29;718;50
352;Song of the Beast;Carol Berg;4,04;2,432;179
353;The Vintner's Luck (Vintner's Luck, #1);Elizabeth Knox;3,88;3,414;459
354;Stormrise (Storm Chronicles #1);Skye Knizley;3,71;1,327;110
355;Peter Nimble and His Fantastic Eyes (Peter Nimble, #1);Jonathan Auxier;4,10;11,184;1,548
356;Dragons of the Highlord Skies (Dragonlance: The Lost Chronicles, #2);Margaret Weis;4,08;5,025;182
357;Illusion Town (Ghost Hunters, #13);Jayne Castle;4,20;5,546;477
358;Full Moon Rising (Riley Jenson Guardian, #1);Keri Arthur;3,89;33,669;1,455
359;Boundary Crossed (Boundary Magic, #1);Melissa F. Olson;4,04;12,894;981
360;An Empire in Runes (The Runes of Issalia #3);Jeffrey L. Kohanek;4,27;399;38
361;The Glass Bead Game;Hermann Hesse;4,11;37,487;2,081
362;Beneath the Sugar Sky (Wayward Children, #3);Seanan McGuire;3,86;38,494;6,484
363;Kral Katili (Cadı Avcısı, #2);Virginia Boecker;3,79;3,945;474
364;Erased, Tome 1 (Erased, #1);Kei Sanbe;4,26;1,594;169
365;Rhapsodic (The Bargainer, #1);Laura Thalassa;3,95;108,556;10,024
366;Flipped;Wendelin Van Draanen;3,98;114,367;9,479
367;A Meeting with Medusa / Green Mars;Arthur C. Clarke;3,61;561;50
368;Sługa Boży (Mordimer Madderdin #8);Jacek Piekara;3,78;2,941;62
369;Tales from Outer Suburbia;Shaun Tan;4,33;9,478;1,476
370;Fall of Kings (Troy, #3);David Gemmell;4,41;9,996;392
371;The Betrayal (Cyteen, #1);C.J. Cherryh;4,03;1,049;43
372;The Bone Houses;Emily Lloyd-Jones;4,01;20,067;3,822
373;The Heaven Makers;Frank Herbert;3,47;1,073;80
374;Sinister Magic (Death Before Dragons, #1);Lindsay Buroker;4,11;8,977;850
375;Dark Planet Warriors: The Complete Serial (Dark Planet Warriors, #1);Anna Carven;4,02;6,485;555
376;Demon Seed;Dean Koontz;3,44;15,207;675
377;Chosen;Brey Willows;4,15;182;51
378;The Galaxy, and the Ground Within (Wayfarers, #4);Becky  Chambers;4,42;27,710;3,910
379;Road of the Lost;Nafiza Azad;3,69;265;85
380;The Storm Runner (The Storm Runner, #1);J.C. Cervantes;4,06;9,080;1,208
381;The Meq;Steve Cash;3,74;619;89
382;On;Adam Roberts;3,47;282;34
383;Metaplanetary;Tony Daniel;3,86;460;34
384;Striking the Balance (Worldwar, #4);Harry Turtledove;3,84;4,451;87
385;Fire Watch;Connie Willis;3,85;4,307;326
386;The Jargoon Pard (Witch World Series 2: High Hallack Cycle, #3);Andre Norton;3,96;1,143;42
387;Reunion (Pip & Flinx, #8);Alan Dean Foster;3,90;1,734;44
388;Vale of the Vole (Xanth #10);Piers Anthony;3,62;10,162;98
389;The Master of Disguise (Star Wars: Jedi Quest, #4);Jude Watson;3,82;1,249;57
390;Changer;Jane Lindskold;4,13;456;33
391;Christine;Stephen King;3,83;234,077;4,952
392;Breath and Bone (Lighthouse, #2);Carol Berg;4,17;2,672;176
393;Zoo City;Lauren Beukes;3,63;11,056;1,587
394;Across the Sea of Suns (Galactic Center, #2);Gregory Benford;3,74;1,686;74
395;Full Fathom Five (Craft Sequence, #3);Max Gladstone;4,12;4,781;490
396;Fatal Revenant (The Last Chronicles of Thomas Covenant, #2);Stephen R. Donaldson;3,87;5,859;251
397;Blood Blade (Skinners, #1);Marcus Pelegrimas;3,40;988;71
398;Dark Magic (Dark, #4);Christine Feehan;4,26;26,900;848
399;Touch of Death (Touch of Death, #1);Kelly Hashway;3,63;1,133;197
400;The Turn of the Story;Sarah Rees Brennan;4,44;420;63
401;Magic Rises (Kate Daniels, #6);Ilona Andrews;4,45;56,848;3,815
402;Power of Three;Diana Wynne Jones;3,97;3,302;197
403;A Red-Rose Chain (October Daye, #9);Seanan McGuire;4,30;10,628;776
404;Bring It On (Retrievers, #3);Laura Anne Gilman;3,69;1,307;44
405;Bound to Shadows (Riley Jenson Guardian, #8);Keri Arthur;4,28;12,511;377
406;The Bloodprint (The Khorasan Archives, #1);Ausma Zehanat Khan;3,19;830;221
407;Working for the Devil (Dante Valentine, #1);Lilith Saintcrow;3,80;12,611;724
408;Nightlights;Lorena Álvarez;3,88;6,329;1,180
409;Where the Sidewalk Ends;Shel Silverstein;4,33;1,353,619;12,234
410;A Little Princess;Frances Hodgson Burnett;4,22;300,293;9,515
411;Descender, Vol. 1: Tin Stars;Jeff Lemire;4,09;18,976;1,905
412;The Silver Ship and the Sea (The Silver Ship, #1);Brenda Cooper;3,72;369;62
413;Shield of Thunder (Troy, #2);David Gemmell;4,37;10,453;336
414;Nova Express (The Nova Trilogy, #2);William S. Burroughs;3,66;3,129;121
415;Man of Two Worlds;Frank Herbert;3,45;857;37
416;Dark Minds (Class 5, #3);Michelle Diener;4,15;2,945;233
417;Star Wars: Thrawn Ascendancy (Book III: Lesser Evil);Timothy Zahn;4,36;8,655;559
418;1984;George Orwell;4,19;4,337,347;107,042
419;The Prey of Gods;Nicky Drayden;3,77;3,600;843
420;Wildblood;Lauren Blackwood;3,43;1,075;413
421;The Fire Keeper (The Storm Runner, #2);J.C. Cervantes;4,33;3,335;308
422;Moon of Three Rings (Moon Magic, #1);Andre Norton;3,97;880;48
423;City Come a-Walkin';John Shirley;3,76;556;45
424;The Disappeared (Retrieval Artist, #1);Kristine Kathryn Rusch;3,78;2,198;270
425;Dwellers in the Crucible (Star Trek: The Original Series #25);Margaret Wander Bonanno;3,62;778;49
426;Steal Across the Sky;Nancy Kress;3,46;1,267;232
427;A Pail of Air;Fritz Leiber;3,91;385;39
428;Upsetting the Balance (Worldwar, #3);Harry Turtledove;3,82;4,406;86
429;Flinx's Folly (Pip & Flinx, #9);Alan Dean Foster;3,96;2,191;33
430;Star Wars: Jedi Quest - Path to Truth (Star Wars: Jedi Quest, #0.5);Jude Watson;3,86;1,015;56
431;Beauty;Sheri S. Tepper;3,84;5,703;415
432;"Maskerade (Discworld, #18; Witches, #5)";Terry Pratchett;4,11;61,318;1,859
433;The Memoirs of a Survivor;Doris Lessing;3,60;3,243;305
434;Flesh and Spirit (Lighthouse, #1);Carol Berg;3,88;3,365;277
435;Rocannon's World / Planet of Exile / City of Illusions / The Left Hand of Darkness;Ursula K. Le Guin;4,18;509;41
436;Encounter with Tiber;Buzz Aldrin;3,92;1,102;117
437;Midnight Tides (Malazan Book of the Fallen, #5);Steven Erikson;4,41;40,160;1,650
438;Into Darkness (Night Prowler, #6);J.T. Geissinger;4,42;1,582;129
439;Dirty Magic (Prospero's War, #1);Jaye Wells;3,70;5,820;695
440;Dark Gold (Dark, #3);Christine Feehan;4,18;25,869;770
441;The Brief History of the Dead;Kevin Brockmeier;3,67;12,065;1,970
442;Unmade (The Lynburn Legacy #3);Sarah Rees Brennan;3,88;8,453;1,090
443;Blood Price (Vicki Nelson #1);Tanya Huff;3,75;10,514;606
444;Mind Over Monsters (F.R.E.A.K.S. Squad Investigation, #1);Jennifer Harlow;3,88;1,064;166
445;Burnt Offerings (Anita Blake, Vampire Hunter, #7);Laurell K. Hamilton;4,08;68,988;1,159
446;Burning Bridges (Retrievers, #4);Laura Anne Gilman;3,78;1,023;38
447;Boundary Born (Boundary Magic, #3);Melissa F. Olson;4,30;6,257;358
448;Restriction (Kurtherian Gambit: The Rise of Magic, #1);C.M. Raymond;4,23;1,564;133
449;Talking to Dragons (Enchanted Forest Chronicles, #4);Patricia C. Wrede;4,19;35,528;902
450;The Shadow over Innsmouth;H.P. Lovecraft;4,11;19,272;1,488
451;X-23: The Complete Collection, Vol. 1;Craig Kyle;4,15;1,179;123
452;Where the Red Fern Grows;Wilson Rawls;4,11;394,521;13,507
453;Halfway Human;Carolyn Ives Gilman;4,01;665;98
454;The Ticket That Exploded (The Nova Trilogy #3);William S. Burroughs;3,61;2,511;128
455;Extraordinary Means;Robyn Schneider;3,93;21,011;2,746
456;Dune: The Gateway Collection (Dune Chronicles #1-6);Frank Herbert;4,49;2,239;134
457;Shattered;Lee  Winter;4,15;754;161
458;Driving the Deep (Finder Chronicles, #2);Suzanne Palmer;4,36;1,429;172
459;The Shadow Crosser (The Storm Runner, #3);J.C. Cervantes;4,41;2,231;205
460;Stark's War (Stark's War, #1);John G. Hemry;3,83;2,441;106
461;The Angel Factory;Terence Blacker;3,10;388;40
462;Lord Kalvan of Otherwhen;H. Beam Piper;4,19;1,405;60
463;Probability Moon (Probability, #1);Nancy Kress;3,61;1,478;136
464;Tilting the Balance (Worldwar, #2);Harry Turtledove;3,84;4,865;108
465;Wicked Game (WVMP Radio, #1);Jeri Smith-Ready;3,70;3,288;372
466;Bloodhype (Pip & Flinx, #2);Alan Dean Foster;3,85;2,439;70
467;Wired (Wired, #1);Douglas E. Richards;3,89;18,105;1,135
468;The Changing of the Guard (Star Wars: Jedi Quest, #8);Jude Watson;3,94;973;36
469;The Emperor's Soul;Brandon Sanderson;4,38;90,181;6,832
470;An Accidental Goddess;Linnea Sinclair;3,96;3,086;213
471;Transformation (Rai-Kirah, #1);Carol Berg;4,00;7,141;375
472;The Seat of Magic (The Golden City, #2);J. Kathleen Cheney;4,04;578;86
473;The Iron Tower (Iron Tower, #1-3);Dennis L. McKiernan;4,00;902;72
474;The Running Man;Richard Bachman;3,89;127,059;4,918
475;The People in the Trees;Hanya Yanagihara;3,73;34,921;5,044
476;Dark Currents (Agent of Hel, #1);Jacqueline Carey;3,79;8,843;1,078
477;Untold (The Lynburn Legacy, #2);Sarah Rees Brennan;3,91;13,820;1,433
478;Marrow (Great Ship, #1);Robert Reed;3,84;2,194;128
479;The Complete Elfquest: Book 1: Fire and Flight (Elfquest #1);Wendy Pini;4,43;2,941;167
480;Better Off Undead (The Bloodhound Files, #4);D.D. Barant;4,03;2,540;118
481;Free Fall (Retrievers, #5);Laura Anne Gilman;3,87;868;33
482;Moon Sworn (Riley Jenson Guardian, #9);Keri Arthur;4,33;12,998;510
483;Reawakening (Kurtherian Gambit: The Rise of Magic, #2);C.M. Raymond;4,39;1,100;66
484;I, Coriander;Sally Gardner;3,82;7,878;813
485;Wilders (Project Earth, #1);Brenda Cooper;3,08;171;46
486;The Children Star (Elysium Cycle, #3);Joan Slonczewski;3,87;354;41
487;Fuzzy Mud;Louis Sachar;3,89;11,250;1,684
488;frank herbert eye;Frank Herbert;3,68;1,112;44
489;Aunt Dimity's Death (Aunt Dimity Mystery, #1);Nancy Atherton;3,96;13,561;1,421
490;Chasing Stars;Alex K. Thorne;4,27;746;128
491;Mazes of Power (The Broken Trust, #1);Juliette Wade;3,48;289;74
492;Atlas Alone (Planetfall, #4);Emma Newman;4,10;2,069;343
493;All of Our Demise (All of Us Villains, #2);Amanda Foody;3,91;9,501;1,999
494;The Best Short Stories of J. G. Ballard;J.G. Ballard;4,18;1,587;114
495;The Initiate Brother (Initiate Brother, #1);Sean Russell;4,00;1,250;87
496;The Adjustment Bureau;Philip K. Dick;3,74;2,715;222
497;Nine Hundred Grandmothers;R.A. Lafferty;4,17;711;85
498;The Genocides;Thomas M. Disch;3,67;1,430;173
499;Best of the Best: 20 Years of the Year's Best Science Fiction;Gardner Dozois;4,16;855;85
500;The False Peace (Star Wars: Jedi Quest, #9);Jude Watson;3,97;1,052;39
501;The Wild One (Roswell High, #2);Melinda Metz;3,62;1,708;82
502;Tears of the Broken (Dark Secrets, #0);Angela M. Hudson;4,03;2,221;156
503;World of Wonders (The Deptford Trilogy, #3);Robertson Davies;4,10;4,970;249
504;Girl in Landscape;Jonathan Lethem;3,56;3,561;333
505;Wroniec;Jacek Dukaj;3,71;1,343;47
506;Wrayth (Book of the Order, #3);Philippa Ballantine;3,91;1,155;102
507;Hunted (League of Peoples, #4);James Alan Gardner;4,10;672;32
508;Restoration (Rai-Kirah, #3);Carol Berg;3,98;3,978;116
509;Dreamsongs, Volume I;George R.R. Martin;3,97;4,858;393
510;The Vintage Bradbury: The Greatest Stories by America's Most Distinguished Practioner of Speculative Fiction;Ray Bradbury;4,33;2,106;103
511;Memories of Ice (Malazan Book of the Fallen, #3);Steven Erikson;4,45;56,427;2,446
512;Veiled Target (Veilers, #1);Robin Bielman;3,59;200;54
513;We Are All Completely Beside Ourselves;Karen Joy Fowler;3,71;118,991;12,828
514;Crimes Against Magic (Hellequin Chronicles, #1);Steve McHugh;4,04;12,796;737
515;Dark Desire (Dark, #2);Christine Feehan;4,19;31,174;999
516;The Young Elites (The Young Elites, #1);Marie Lu;3,87;132,997;15,031
517;Tales of Ten Worlds;Arthur C. Clarke;4,00;2,056;77
518;Blind Lake;Robert Charles Wilson;3,71;3,088;223
519;The Forbidden Grove (Elfquest Graphic Novel);Wendy Pini;4,49;2,136;54
520;Blood from Stone (Retrievers, #6);Laura Anne Gilman;3,92;938;33
521;Kissing Sin (Riley Jenson Guardian, #2);Keri Arthur;4,06;17,352;588
522;Boundary Lines (Boundary Magic, #2);Melissa F. Olson;4,20;7,897;407
523;Crown of Ice (The Mirror of Immortality #1);Vicki L. Weavil;3,57;853;138
524;Tintentod (Tintenwelt, #3);Cornelia Funke;3,96;84,885;3,492
525;Gossamer;Lois Lowry;3,92;16,754;1,922
526;Soul Catcher;Frank Herbert;3,71;1,321;101
527;Here Be Sexist Vampires (Deep In Your Veins, #1);Suzanne Wright;4,05;25,319;1,738
528;TekWar (TekWar, #1);William Shatner;3,14;1,810;174
529;The Bounty Hunter Code: From the Files of Boba Fett;Daniel  Wallace;3,92;1,307;98
530;Qualityland (QualityLand, #1);Marc-Uwe Kling;4,12;19,226;2,069
531;The Lost Witch;Paige  Crutcher;3,22;641;322
532;Aru Shah and the End of Time (Pandava, #1);Roshani Chokshi;4,10;23,578;3,792
533;Aliens: Earth Hive;Steve Perry;3,87;2,931;167
534;Noir;K.W. Jeter;3,63;458;40
535;Twin-Bred (Twin-Bred #1);Karen A. Wyle;3,64;148;55
536;Moon-Flash (Kyreol, #1);Patricia A. McKillip;3,75;308;47
537;Raven Rise (Pendragon, #9);D.J. MacHale;4,19;22,587;403
538;Beetle in the Anthill;Arkady Strugatsky;4,24;2,586;95
539;Spectyr (Book of the Order, #2);Philippa Ballantine;3,89;1,678;163
540;Too Many Magicians (Lord Darcy, #2);Randall Garrett;3,94;1,035;57
541;Sebastian (Ephemera, #1);Anne Bishop;3,89;10,005;437
542;Fevre Dream;George R.R. Martin;3,89;27,556;2,777
543;Faerie Wars;Herbie Brennan;3,61;13,944;585
544;The Poison Belt (Professor Challenger, #2);Arthur Conan Doyle;3,49;3,236;309
545;A Plunder of Souls (Thieftaker Chronicles, #3);D.B. Jackson;3,97;592;85
546;Hard Day's Knight (Black Knight Chronicles, #1);John G. Hartness;3,66;2,124;179
547;Sleeping Beauty Trilogy (Sleeping Beauty, #1-3);A.N. Roquelaure;3,98;14,087;411
548;The Dead Zone;Stephen King;3,96;216,431;6,223
549;Robogenesis (Robopocalypse, #2);Daniel H. Wilson;3,70;6,214;693
550;If I Stay (If I Stay, #1);Gayle Forman;3,92;873,418;41,310
551;The Complete Elfquest: Book 3: Captives of Blue Mountain (Elfquest #3);Wendy Pini;4,50;1,896;37
552;Dark Time (Mortal Path, #1);Dakota Banks;3,46;1,829;157
553;Amaryllis (St. Helen's, #1);Jayne Castle;4,09;6,969;262
554;Hard Magic (Paranormal Scene Investigations, #1);Laura Anne Gilman;3,60;2,864;259
555;Tea from an Empty Cup (Artificial Reality Division, #1);Pat Cadigan;3,36;857;80
556;Dune 2;Frank Herbert;4,36;1,401;60
557;The Jedi Path: A Manual for Students of the Force;Daniel  Wallace;4,13;4,531;423
558;Harrow the Ninth (The Locked Tomb, #2);Tamsyn Muir;4,30;55,808;9,888
559;City of Nightmares;Rebecca Schaeffer;3,79;3,974;1,104
560;The Sword of Summer (Magnus Chase and the Gods of Asgard, #1);Rick Riordan;4,24;203,412;15,072
561;Hands of Flame (Negotiator Trilogy/Old Races Universe, #3);C.E. Murphy;3,97;2,312;105
562;Spindle's End;Robin McKinley;3,82;23,618;1,572
563;The Terminal Experiment;Robert J. Sawyer;3,74;4,221;248
564;The Gunslinger Born (Stephen King's The Dark Tower: Beginnings, #1);Peter David;4,22;79,463;1,152
565;The Salvation (Roswell High, #10);Melinda Metz;3,81;998;39
566;The Deptford Trilogy;Robertson Davies;4,32;8,052;411
567;The Charwoman's Shadow;Lord Dunsany;3,99;782;72
568;Wolf Who Rules (Elfhome, #2);Wen Spencer;4,22;3,235;150
569;Vigilant;James Alan Gardner;4,03;745;44
570;Belladonna (Ephemera, #2);Anne Bishop;3,98;7,776;241
571;October the First Is Too Late;Fred Hoyle;3,42;448;55
572;Crucible of Gold (Temeraire, #7);Naomi Novik;3,97;16,175;1,024
573;Vampire Princess Rising (The Winters Family Saga, #2);Jami Brumfield;4,35;252;33
574;Bad Blood (Latter-Day Olympians, #1);Lucienne Diver;3,79;258;49
575;The Claiming of Sleeping Beauty;A.N. Roquelaure;3,23;55,706;5,159
576;The Death of Superman;Jerry Ordway;3,93;18,334;596
577;The Other Side Of The Sky;Arthur C. Clarke;4,01;2,358;85
578;Dying Bites (The Bloodhound Files, #1);D.D. Barant;3,67;6,720;460
579;Pack of Lies (Paranormal Scene Investigations, #2);Laura Anne Gilman;3,85;1,480;108
580;The City of Mirrors (The Passage, #3);Justin Cronin;4,21;54,369;5,390
581;The Lilac Bus;Maeve Binchy;3,64;13,482;565
582;UNDER PRESSURE;Frank Herbert;3,55;1,744;153
583;Fury;Laurann Dohner;4,11;31,738;1,964
584;A Sound of Thunder;Ray Bradbury;4,09;6,807;672
585;Scrivener's Moon (Fever Crumb, #3);Philip Reeve;3,99;2,772;241
586;Summers at Castle Auburn;Sharon Shinn;4,04;11,915;951
587;Tokyo Love;Diana Jean;4,06;117;33
588;Dead Man's Hand (The Unorthodox Chronicles, #1);James J. Butcher;3,94;3,580;571
589;Rump: The True Story of Rumpelstiltskin;Liesl Shurtliff;4,05;18,232;2,104
590;Legacy of the Force: Betrayal (Star Wars: Legacy of the Force, #1);Aaron Allston;3,88;8,433;293
591;Star Born (Pax/Astra, #2);Andre Norton;3,90;1,605;116
592;The Third Lynx (Quadrail #2);Timothy Zahn;3,96;1,695;92
593;House of Cards (Negotiator Trilogy/Old Races Universe, #2);C.E. Murphy;3,89;2,610;131
594;Flinx in Flux (Pip & Flinx, #6);Alan Dean Foster;3,96;2,788;46
595;Wild Space (Star Wars: The Clone Wars, #2);Karen Miller;3,89;2,808;253
596;Illumine (Illumine, #1);Alivia Anders;3,67;902;147
597;Geist (Book of the Order, #1);Philippa Ballantine;3,64;3,954;495
598;Bridge of Dreams (Ephemera, #3);Anne Bishop;4,03;3,919;191
599;Wayward (Wayward Pines, #2);Blake Crouch;4,15;64,399;3,773
600;Blood Song (Blood Singer, #1);Cat Adams;3,74;6,722;492
601;Black Science, Vol. 1: How to Fall Forever;Rick Remender;3,89;8,322;803
602;Tricks of the Trade (Paranormal Scene Investigations, #3);Laura Anne Gilman;3,95;1,089;91
603;The Darkest Kiss (Riley Jenson Guardian, #6);Keri Arthur;4,21;14,524;342
604;The Dervish House;Ian McDonald;3,86;4,561;500
605;Void Star;Zachary Mason;3,67;2,239;383
606;Three Dark Crowns (Three Dark Crowns, #1);Kendare Blake;3,81;105,928;15,066
607;The Ascension Factor (The Pandora Sequence, #3);Bill Ransom;3,74;1,596;55
608;Star Nomad (Fallen Empire, #1);Lindsay Buroker;3,98;6,879;721
609;Rescued by an Alien (Stolen by an Alien, #2);Amanda Milo;4,06;3,857;412
610;There Will Come Soft Rains;Ray Bradbury;4,23;6,854;623
611;The Firmament of Flame (The Universe After, #3);Drew   Williams;3,89;292;37
612;Black Tide;K.C. Jones;3,62;2,542;601
613;Amari and the Night Brothers (Supernatural Investigations, #1);B.B. Alston;4,40;25,631;4,909
614;Trick of the Light (Trickster, #1);Rob Thurman;3,81;3,310;231
615;Resurrection Inc;Kevin J. Anderson;3,58;443;58
616;Battlestations! (Star Trek: Fortunes of War, #2);Diane Carey;3,75;1,210;53
617;Coyote Dreams (Walker Papers, #3);C.E. Murphy;4,01;6,898;257
618;Solitaire;Kelley Eskridge;3,98;1,187;164
619;The Stowaway (Roswell High, #6);Melinda Metz;3,65;1,113;35
620;Sasha (A Trial of Blood & Steel, #1);Joel Shepherd;3,89;1,962;142
621;Naamah's Blessing (Naamah Trilogy, #3);Jacqueline Carey;4,23;9,997;442
622;The Black Cloud;Fred Hoyle;3,91;4,143;453
623;Death: The High Cost of Living;Neil Gaiman;4,20;41,493;616
624;Chime;Franny Billingsley;3,62;13,094;2,175
625;The Last Town (Wayward Pines, #3);Blake Crouch;4,10;59,065;4,242
626;Łatwo być Bogiem (Pola dawno zapomnianych bitew, #1);Robert J. Szmidt;4,01;365;31
627;Kinderen van Moeder Aarde (De Toekomsttrilogie, #1);Thea Beckman;4,26;4,260;141
628;Swamp Thing, Vol. 5: Earth to Earth;Alan Moore;4,35;6,762;253
629;50 Short Science Fiction Tales;Isaac Asimov;4,04;828;54
630;Fables, Vol. 1: Legends in Exile (Fables, #1);Bill Willingham;3,98;139,067;3,778
631;Dragon Justice (Paranormal Scene Investigations, #4);Laura Anne Gilman;3,91;927;91
632;The Green Brain;Frank Herbert;3,32;1,934;130
633;Tribe (Chosen, #2);Stacy  Jones;4,16;2,372;187
634;Alphabet Squadron (Star Wars: Alphabet Squadron, #1);Alexander Freed;3,79;6,213;710
635;Red on the River (Sunrise Lake, #2);Christine Feehan;4,25;2,383;251
636;The Unwanteds (Unwanteds, #1);Lisa McMann;4,12;39,263;3,601
637;Heart's Blood (Pit Dragon Chronicles, #2);Jane Yolen;4,00;6,955;149
638;Summertide (Heritage Universe, #1);Charles Sheffield;3,68;851;68
639;Jedi Under Siege (Star Wars: Young Jedi Knights, #6);Kevin J. Anderson;3,67;2,309;37
640;The Intruder (Roswell High, #5);Melinda Metz;3,65;1,304;40
641;The Citizens (Jazz Nemesis, #1);L.M.    Smith;4,23;158;54
642;Kroniki Jakuba Wędrowycza (Kroniki Jakuba Wędrowycza, #1);Andrzej Pilipiuk;3,74;5,221;117
643;Petrodor (A Trial of Blood & Steel, #2);Joel Shepherd;3,97;1,081;42
644;The Woods Out Back (Spearwielder's Tale, #1);R.A. Salvatore;3,85;2,023;79
645;The Great Santini;Pat Conroy;4,15;32,487;1,393
646;Naamah's Curse (Moirin Trilogy, #2);Jacqueline Carey;4,15;10,912;439
647;The Faerie Path (Faerie Path, #1);Allan Frewin Jones;3,60;11,087;667
648;Land of Shadows (The Legend of the Gate Keeper, #1);Jeff Gunzel;3,48;1,743;129
649;Swamp Thing, Vol. 4: A Murder of Crows;Alan Moore;4,35;7,688;312
650;I. Asimov: A Memoir;Isaac Asimov;4,00;3,333;168
651;Four Ways to Forgiveness (Hainish Cycle, #7);Ursula K. Le Guin;4,20;4,236;384
652;Blood Pact (Vicki Nelson #4);Tanya Huff;3,83;5,071;183
653;Sins & Shadows (Shadows Inquiries, #1);Lyn Benedict;3,36;1,058;100
654;I, the Sun;Janet E. Morris;4,21;425;78
655;The Sleeper and the Spindle;Neil Gaiman;3,89;49,626;7,179
656;Plum Rains;Andromeda Romano-Lax;4,04;988;198
657;Dune I;Frank Herbert;4,26;1,255,197;56,068
658;Alluvial (Valos of Sonhadra, #1);Amanda Milo;3,73;1,816;230
659;Yargo;Jacqueline Susann;3,73;916;121
660;Chaos Rising (Star Wars: Thrawn Ascendancy, #1);Timothy Zahn;4,25;13,463;1,150
661;The Q;Amy Tintera;3,76;644;172
662;Amy, Number Seven (Replica, #1);Marilyn Kaye;3,76;1,930;108
663;Time for Yesterday;A.C. Crispin;4,05;1,840;75
664;Islandia;Austin Tappan Wright;4,29;594;121
665;The Turing Option;Harry Harrison;3,63;531;43
666;The Lost Ones (Star Wars: Young Jedi Knights, #3);Kevin J. Anderson;3,55;2,867;60
667;The Watcher (Roswell High, #4);Melinda Metz;3,67;1,447;48
668;Scarlet Night (Behind The Vail, #1);Megan J. Parker;3,57;464;66
669;Tracato (A Trial of Blood & Steel, #3);Joel Shepherd;4,10;854;34
670;The Clairvoyant Countess (Madame Karitska, #1);Dorothy Gilman;4,02;2,457;227
671;Naamah's Kiss (Naamah Trilogy, #1);Jacqueline Carey;4,12;14,269;701
672;Doctor Who: Alien Bodies (Eighth Doctor Adventures, #6);Lawrence Miles;4,19;616;85
673;Shardik;Richard  Adams;3,51;4,260;339
674;The Amaranth Enchantment;Julie Berry;3,65;11,791;1,348
675;ATLAS (Atlas, #1);Isaac Hooke;3,84;2,025;112
676;Powrót z gwiazd (Stanisław Lem. Dzieła, #11);Stanisław Lem;3,95;5,539;330
677;The Program (The Program, #1);Suzanne Young;4,05;55,042;6,468
678;Swamp Thing, Vol. 3: The Curse;Alan Moore;4,37;9,454;390
679;Feast of Souls (The Magister Trilogy, #1);C.S. Friedman;3,90;5,730;380
680;Fellside;M.R. Carey;3,57;13,975;2,061
681;Tales from Earthsea (Earthsea Cycle, #5);Ursula K. Le Guin;4,08;25,699;1,319
682;Software (Ware, #1);Rudy Rucker;3,74;4,187;210
683;Urban Shaman  (Walker Papers, #1);C.E. Murphy;3,74;14,854;870
684;Cirkeln (Engelsfors, #1);Mats Strandberg;3,84;16,494;1,190
685;Ghosts & Echoes (Shadows Inquiries, #2);Lyn Benedict;3,65;378;34
686;Embraced by Darkness (Riley Jenson Guardian, #5);Keri Arthur;4,18;14,007;324
687;Splintered (Splintered, #1);A.G. Howard;3,91;62,120;8,550
688;A Curse of Ash and Iron;Christine Norris;3,89;135;97
689;Dune Messiah & Children Of Dune;Frank Herbert;4,24;1,658;41
690;Tempest (Valos of Sonhadra, #2);Poppy Rhys;4,16;1,267;134
691;The Song That Moves the Sun;Anna Bright;3,49;374;117
692;Cusp;Robert A. Metzger;3,31;269;35
693;Dragon's Heart (The Pit Dragon Chronicles, #4);Jane Yolen;3,92;1,558;64
694;Dragon's Blood (Pit Dragon Chronicles, #1);Jane Yolen;4,01;12,239;388
695;Greener Than You Think;Ward Moore;3,63;302;66
696;Lightsabers (Star Wars: Young Jedi Knights, #4);Kevin J. Anderson;3,74;3,017;67
697;The Seeker (Roswell High, #3);Melinda Metz;3,66;1,582;53
698;Hellburner (The Company Wars, #5);C.J. Cherryh;3,88;1,509;67
699;Haven (A Trial of Blood & Steel, #4);Joel Shepherd;4,25;778;41
700;The Historian;Elizabeth Kostova;3,79;261,619;17,877
701;Forerunner;Andre Norton;3,83;995;46
702;Kushiel's Mercy (Imriel's Trilogy, #3);Jacqueline Carey;4,33;17,459;579
703;Dream Park (Dream Park, #1);Larry Niven;3,81;3,898;227
704;The Winter Long (October Daye, #8);Seanan McGuire;4,38;13,319;915
705;Immune (The Rho Agenda, #2);Richard   Phillips;3,95;8,299;290
706;God Save the Queen (The Immortal Empire, #1);Kate Locke;3,85;5,459;768
707;In the Courts of the Sun (Jed de Landa, #1);Brian D'Amato;3,29;1,110;221
708;Swamp Thing, Vol. 2: Love and Death;Alan Moore;4,40;10,789;558
709;The Man in the Maze;Robert Silverberg;3,78;2,256;261
710;Sunrunner's Fire (Dragon Prince, #3);Melanie Rawn;4,11;8,913;112
711;Silent Blade (Kinsmen, #1);Ilona Andrews;3,95;14,947;1,040
712;Dark Lord of Derkholm (Derkholm, #1);Diana Wynne Jones;4,11;16,567;963
713;The BFG;Roald Dahl;4,23;465,376;12,112
714;The Eyes of Heisenberg;Frank Herbert;3,43;1,997;132
715;Shadowed (Valos of Sonhadra, #6);Isabel Wroth;4,08;924;82
716;All the Myriad Ways;Larry Niven;4,07;2,920;55
717;Spells for Forgetting;Adrienne Young;3,90;30,572;6,162
718;The Magic Finger;Roald Dahl;3,70;39,006;2,395
719;Edenborn (Idlewild, #2);Nick Sagan;3,74;1,438;109
720;Pawns and Symbols;Majliss Larson;3,46;697;47
721;Dreadnought! (Star Trek: The Original Series #29, Fortunes Of War, #1);Diane Carey;3,61;1,617;91
722;A Sending of Dragons (Pit Dragon Chronicles, #3);Jane Yolen;3,92;5,360;90
723;Time's Eye (A Time Odyssey, #1);Arthur C. Clarke;3,72;7,805;451
724;Dog on It (A Chet and Bernie Mystery, #1);Spencer Quinn;3,88;22,771;3,835
725;Horizon (The Sharing Knife, #4);Lois McMaster Bujold;4,04;7,065;430
726;Kushiel's Justice (Imriel's Trilogy, #2);Jacqueline Carey;4,27;18,976;511
727;One Piece, Volume 1: Romance Dawn (One Piece, #1);Eiichiro Oda;4,47;131,193;2,816
728;City of Eternal Night (Crescent City, #2);Kristen Painter;3,95;989;113
729;Wormhole (The Rho Agenda, #3);Richard   Phillips;4,05;7,272;271
730;This Star Shall Abide (Children of the Star, #1);Sylvia Engdahl;4,08;346;54
731;The Prestige;Christopher Priest;3,91;21,612;2,358
732;The Star Scroll (Dragon Prince, #2);Melanie Rawn;4,09;9,338;122
733;On the Edge (The Edge, #1);Ilona Andrews;4,05;44,157;3,049
734;Castle in the Air (Howl's Moving Castle, #2);Diana Wynne Jones;3,88;53,082;4,041
735;Herr der Diebe;Cornelia Funke;3,98;95,914;4,449
736;Bandwidth (Analog #1);Eliot Peper;3,61;4,318;401
737;The One Hundred Nights of Hero;Isabel Greenberg;4,41;6,234;1,115
738;Picnic on Paradise;Joanna Russ;3,40;540;78
739;The Santaroga Barrier;Frank Herbert;3,69;2,177;122
740;Undying (Valos of Sonhadra, #7);Tiffany Roberts;4,07;964;89
741;The Long Cosmos (The Long Earth, #5);Terry Pratchett;3,91;8,355;610
742;The High Auction (Wisdom Revolution, #1);Misba;4,60;6,182;924
